time_utc_iso,twl_ft_mllw,tide_ft_mllw,surge_ft,src_time
2026-03-29T18:00:00.000Z,5.613,5.413,0.2,202603291800
2026-03-29T19:00:00.000Z,3.814,4.555,0.2,202603291900
2026-03-29T20:00:00.000Z,2.699,3.474,0.2,202603292000
2026-03-29T21:00:00.000Z,1.656,2.094,0.2,202603292100
2026-03-29T22:00:00.000Z,0.79,0.758,0.2,202603292200
2026-03-29T23:00:00.000Z,0.708,0.405,0.2,202603292300
2026-03-30T00:00:00.000Z,2.574,1.214,0.2,202603300000
2026-03-30T01:00:00.000Z,4.093,2.435,0.2,202603300100
2026-03-30T02:00:00.000Z,5.333,3.841,0.2,202603300200
2026-03-30T03:00:00.000Z,6.514,5.374,0.2,202603300300
2026-03-30T04:00:00.000Z,7.156,6.28,0.2,202603300400
2026-03-30T05:00:00.000Z,6.599,6.185,0.2,202603300500
2026-03-30T06:00:00.000Z,5.405,5.521,0.2,202603300600
2026-03-30T07:00:00.000Z,4.3,4.601,0.2,202603300700
2026-03-30T08:00:00.000Z,3.181,3.514,0.3,202603300800
2026-03-30T09:00:00.000Z,2.086,2.273,0.2,202603300900
2026-03-30T10:00:00.000Z,1.092,0.969,0.2,202603301000
2026-03-30T11:00:00.000Z,0.318,0.341,0.2,202603301100
2026-03-30T12:00:00.000Z,1.41,0.976,0.2,202603301200
2026-03-30T13:00:00.000Z,3.332,2.275,0.2,202603301300
2026-03-30T14:00:00.000Z,4.765,3.636,0.2,202603301400
2026-03-30T15:00:00.000Z,5.982,5.126,0.2,202603301500
2026-03-30T16:00:00.000Z,7.071,6.311,0.1,202603301600
2026-03-30T17:00:00.000Z,7.029,6.563,0.1,202603301700
2026-03-30T18:00:00.000Z,5.979,6.106,0.1,202603301800
2026-03-30T19:00:00.000Z,4.854,5.368,0.1,202603301900
2026-03-30T20:00:00.000Z,3.771,4.422,0.1,202603302000
2026-03-30T21:00:00.000Z,2.656,3.24,0.1,202603302100
2026-03-30T22:00:00.000Z,1.6,1.771,0.1,202603302200
2026-03-30T23:00:00.000Z,0.649,0.497,0.1,202603302300
2026-03-31T00:00:00.000Z,0.088,0.362,0,202603310000
2026-03-31T01:00:00.000Z,1.626,1.348,0,202603310100
2026-03-31T02:00:00.000Z,3.325,2.695,0,202603310200
2026-03-31T03:00:00.000Z,4.644,4.255,0,202603310300
2026-03-31T04:00:00.000Z,5.795,5.831,0,202603310400
2026-03-31T05:00:00.000Z,6.55,6.607,0,202603310500
2026-03-31T06:00:00.000Z,5.89,6.374,0,202603310600
2026-03-31T07:00:00.000Z,4.716,5.623,0,202603310700
2026-03-31T08:00:00.000Z,3.634,4.624,-0.1,202603310800
2026-03-31T09:00:00.000Z,2.489,3.455,-0.1,202603310900
2026-03-31T10:00:00.000Z,1.354,2.107,-0.1,202603311000
2026-03-31T11:00:00.000Z,0.4,0.756,-0.1,202603311100
2026-03-31T12:00:00.000Z,-0.364,0.243,-0.2,202603311200
2026-03-31T13:00:00.000Z,0.862,1.02,-0.2,202603311300
2026-03-31T14:00:00.000Z,2.742,2.377,-0.2,202603311400
2026-03-31T15:00:00.000Z,4.201,3.824,-0.2,202603311500
2026-03-31T16:00:00.000Z,5.474,5.385,-0.2,202603311600
2026-03-31T17:00:00.000Z,6.582,6.478,-0.2,202603311700
2026-03-31T18:00:00.000Z,6.517,6.561,-0.2,202603311800
2026-03-31T19:00:00.000Z,5.402,5.982,-0.2,202603311900
2026-03-31T20:00:00.000Z,4.263,5.141,-0.2,202603312000
2026-03-31T21:00:00.000Z,3.129,4.104,-0.2,202603312100
2026-03-31T22:00:00.000Z,2.004,2.851,-0.2,202603312200
2026-03-31T23:00:00.000Z,0.967,1.377,-0.2,202603312300
2026-04-01T00:00:00.000Z,0.121,0.297,-0.2,202604010000
2026-04-01T01:00:00.000Z,0.18,0.487,-0.2,202604010100
2026-04-01T02:00:00.000Z,2.361,1.699,-0.2,202604010200
2026-04-01T03:00:00.000Z,3.906,3.172,-0.2,202604010300
2026-04-01T04:00:00.000Z,5.175,4.817,-0.2,202604010400
2026-04-01T05:00:00.000Z,6.366,6.305,-0.2,202604010500
2026-04-01T06:00:00.000Z,6.704,6.844,-0.2,202604010600
2026-04-01T07:00:00.000Z,5.802,6.418,-0.2,202604010700
2026-04-01T08:00:00.000Z,4.624,5.551,-0.2,202604010800
2026-04-01T09:00:00.000Z,3.522,4.469,-0.2,202604010900
2026-04-01T10:00:00.000Z,2.355,3.236,-0.2,202604011000
2026-04-01T11:00:00.000Z,1.279,1.831,-0.2,202604011100
2026-04-01T12:00:00.000Z,0.291,0.536,-0.1,202604011200
2026-04-01T13:00:00.000Z,-0.396,0.25,-0.1,202604011300
2026-04-01T14:00:00.000Z,1.151,1.226,-0.2,202604011400
2026-04-01T15:00:00.000Z,2.951,2.654,-0.2,202604011500
2026-04-01T16:00:00.000Z,4.29,4.152,-0.2,202604011600
2026-04-01T17:00:00.000Z,5.49,5.683,-0.2,202604011700
2026-04-01T18:00:00.000Z,6.376,6.572,-0.2,202604011800
2026-04-01T19:00:00.000Z,5.963,6.424,-0.2,202604011900
2026-04-01T20:00:00.000Z,4.782,5.693,-0.2,202604012000
2026-04-01T21:00:00.000Z,3.634,4.741,-0.2,202604012100
2026-04-01T22:00:00.000Z,2.532,3.635,-0.2,202604012200
2026-04-01T23:00:00.000Z,1.436,2.367,-0.2,202604012300
2026-04-02T00:00:00.000Z,0.38,0.995,-0.1,202604020000
2026-04-02T01:00:00.000Z,-0.311,0.24,-0.1,202604020100
2026-04-02T02:00:00.000Z,1.767,0.829,-0.1,202604020200
2026-04-02T03:00:00.000Z,3.434,2.264,-0.1,202604020300
2026-04-02T04:00:00.000Z,4.854,3.813,-0.1,202604020400
2026-04-02T05:00:00.000Z,6.113,5.434,-0.1,202604020500
2026-04-02T06:00:00.000Z,7.019,6.704,-0.1,202604020600
2026-04-02T07:00:00.000Z,6.848,6.928,-0.1,202604020700
2026-04-02T08:00:00.000Z,5.687,6.284,-0.1,202604020800
2026-04-02T09:00:00.000Z,4.46,5.297,-0.1,202604020900
2026-04-02T10:00:00.000Z,3.325,4.145,-0.1,202604021000
2026-04-02T11:00:00.000Z,2.138,2.881,-0.1,202604021100
2026-04-02T12:00:00.000Z,1.059,1.49,0,202604021200
2026-04-02T13:00:00.000Z,0.196,0.364,0,202604021300
2026-04-02T14:00:00.000Z,0.924,0.395,0,202604021400
2026-04-02T15:00:00.000Z,2.879,1.587,0,202604021500
2026-04-02T16:00:00.000Z,4.309,3.06,0,202604021600
2026-04-02T17:00:00.000Z,5.539,4.544,0,202604021700
2026-04-02T18:00:00.000Z,6.704,5.941,0.1,202604021800
2026-04-02T19:00:00.000Z,7.009,6.546,0.1,202604021900
2026-04-02T20:00:00.000Z,6.291,6.144,0.1,202604022000
2026-04-02T21:00:00.000Z,5.103,5.261,0.1,202604022100
2026-04-02T22:00:00.000Z,4.001,4.212,0.2,202604022200
2026-04-02T23:00:00.000Z,2.886,3.076,0.2,202604022300
2026-04-03T00:00:00.000Z,1.83,1.861,0.3,202604030000
2026-04-03T01:00:00.000Z,1.003,0.702,0.4,202604030100
2026-04-03T02:00:00.000Z,1.505,0.376,0.4,202604030200
2026-04-03T03:00:00.000Z,3.571,1.381,0.4,202604030300
2026-04-03T04:00:00.000Z,5.034,2.984,0.5,202604030400
2026-04-03T05:00:00.000Z,6.284,4.524,0.5,202604030500
2026-04-03T06:00:00.000Z,7.543,6.006,0.6,202604030600
2026-04-03T07:00:00.000Z,8.078,6.956,0.6,202604030700
2026-04-03T08:00:00.000Z,7.543,6.831,0.6,202604030800
2026-04-03T09:00:00.000Z,6.32,5.977,0.6,202604030900
2026-04-03T10:00:00.000Z,5.126,4.883,0.7,202604031000
2026-04-03T11:00:00.000Z,4.021,3.688,0.7,202604031100
2026-04-03T12:00:00.000Z,2.902,2.438,0.8,202604031200
2026-04-03T13:00:00.000Z,1.882,1.138,0.8,202604031300
2026-04-03T14:00:00.000Z,1.144,0.286,0.8,202604031400
2026-04-03T15:00:00.000Z,2.135,0.684,0.7,202604031500
2026-04-03T16:00:00.000Z,4.001,2.064,0.7,202604031600
2026-04-03T17:00:00.000Z,5.287,3.527,0.7,202604031700
2026-04-03T18:00:00.000Z,6.589,4.926,0.7,202604031800
2026-04-03T19:00:00.000Z,7.486,6.106,0.7,202604031900
2026-04-03T20:00:00.000Z,7.338,6.391,0.7,202604032000
2026-04-03T21:00:00.000Z,6.338,5.748,0.7,202604032100
2026-04-03T22:00:00.000Z,5.055,4.73,0.7,202604032200
2026-04-03T23:00:00.000Z,3.69,3.612,0.7,202604032300
2026-04-04T00:00:00.000Z,2.475,2.494,0.7,202604040000
2026-04-04T01:00:00.000Z,1.636,1.404,0.7,202604040100
2026-04-04T02:00:00.000Z,1.295,0.551,0.7,202604040200
2026-04-04T03:00:00.000Z,1.915,0.71,0.7,202604040300
2026-04-04T04:00:00.000Z,3.54,2.089,0.7,202604040400
2026-04-04T05:00:00.000Z,5.283,3.765,0.7,202604040500
2026-04-04T06:00:00.000Z,6.613,5.2,0.7,202604040600
2026-04-04T07:00:00.000Z,7.547,6.45,0.7,202604040700
2026-04-04T08:00:00.000Z,7.594,7.027,0.6,202604040800
2026-04-04T09:00:00.000Z,6.755,6.566,0.6,202604040900
2026-04-04T10:00:00.000Z,5.433,5.532,0.6,202604041000
2026-04-04T11:00:00.000Z,3.944,4.357,0.5,202604041100
2026-04-04T12:00:00.000Z,2.709,3.153,0.5,202604041200
2026-04-04T13:00:00.000Z,1.79,1.967,0.5,202604041300
2026-04-04T14:00:00.000Z,1.104,0.835,0.5,202604041400
2026-04-04T15:00:00.000Z,0.904,0.327,0.4,202604041500
2026-04-04T16:00:00.000Z,2.004,1.092,0.4,202604041600
2026-04-04T17:00:00.000Z,3.83,2.595,0.4,202604041700
2026-04-04T18:00:00.000Z,5.42,3.983,0.4,202604041800
2026-04-04T19:00:00.000Z,6.483,5.24,0.3,202604041900
2026-04-04T20:00:00.000Z,7.07,6.16,0.3,202604042000
2026-04-04T21:00:00.000Z,6.687,6.129,0.3,202604042100
2026-04-04T22:00:00.000Z,5.522,5.278,0.3,202604042200
2026-04-04T23:00:00.000Z,4.049,4.157,0.3,202604042300
2026-04-05T00:00:00.000Z,2.606,3.003,0.3,202604050000
2026-04-05T01:00:00.000Z,1.566,1.953,0.3,202604050100
2026-04-05T02:00:00.000Z,0.993,1.048,0.3,202604050200
2026-04-05T03:00:00.000Z,0.932,0.562,0.3,202604050300
2026-04-05T04:00:00.000Z,1.918,1.202,0.3,202604050400
2026-04-05T05:00:00.000Z,3.834,2.861,0.3,202604050500
2026-04-05T06:00:00.000Z,5.588,4.501,0.3,202604050600
2026-04-05T07:00:00.000Z,6.697,5.755,0.3,202604050700
2026-04-05T08:00:00.000Z,7.398,6.723,0.4,202604050800
2026-04-05T09:00:00.000Z,7.201,6.923,0.4,202604050900
2026-04-05T10:00:00.000Z,6.131,6.172,0.4,202604051000
2026-04-05T11:00:00.000Z,4.807,5.005,0.5,202604051100
2026-04-05T12:00:00.000Z,3.439,3.783,0.5,202604051200
2026-04-05T13:00:00.000Z,2.342,2.612,0.5,202604051300
2026-04-05T14:00:00.000Z,1.632,1.536,0.6,202604051400
2026-04-05T15:00:00.000Z,1.035,0.626,0.6,202604051500
2026-04-05T16:00:00.000Z,1.233,0.494,0.6,202604051600
2026-04-05T17:00:00.000Z,2.812,1.576,0.7,202604051700
2026-04-05T18:00:00.000Z,4.713,3.115,0.7,202604051800
2026-04-05T19:00:00.000Z,6.084,4.374,0.7,202604051900
2026-04-05T20:00:00.000Z,7.001,5.459,0.7,202604052000
2026-04-05T21:00:00.000Z,7.378,6.109,0.7,202604052100
2026-04-05T22:00:00.000Z,6.773,5.797,0.7,202604052200
2026-04-05T23:00:00.000Z,5.282,4.785,0.6,202604052300
2026-04-06T00:00:00.000Z,3.677,3.593,0.6,202604060000
2026-04-06T01:00:00.000Z,2.213,2.444,0.5,202604060100
2026-04-06T02:00:00.000Z,1.379,1.503,0.5,202604060200
2026-04-06T03:00:00.000Z,1.007,0.82,0.5,202604060300
2026-04-06T04:00:00.000Z,1.175,0.718,0.4,202604060400
2026-04-06T05:00:00.000Z,2.618,1.78,0.4,202604060500
2026-04-06T06:00:00.000Z,4.732,3.596,0.4,202604060600
2026-04-06T07:00:00.000Z,6.278,5.103,0.4,202604060700
2026-04-06T08:00:00.000Z,6.966,6.139,0.3,202604060800
2026-04-06T09:00:00.000Z,7.294,6.818,0.3,202604060900
2026-04-06T10:00:00.000Z,6.862,6.682,0.3,202604061000
2026-04-06T11:00:00.000Z,5.638,5.71,0.3,202604061100
2026-04-06T12:00:00.000Z,4.066,4.463,0.2,202604061200
2026-04-06T13:00:00.000Z,2.727,3.235,0.2,202604061300
2026-04-06T14:00:00.000Z,1.676,2.135,0.2,202604061400
2026-04-06T15:00:00.000Z,0.897,1.201,0.2,202604061500
2026-04-06T16:00:00.000Z,0.478,0.538,0.2,202604061600
2026-04-06T17:00:00.000Z,1.086,0.763,0.2,202604061700
2026-04-06T18:00:00.000Z,2.851,2.077,0.2,202604061800
2026-04-06T19:00:00.000Z,4.636,3.566,0.2,202604061900
2026-04-06T20:00:00.000Z,5.764,4.668,0.2,202604062000
2026-04-06T21:00:00.000Z,6.539,5.58,0.2,202604062100
2026-04-06T22:00:00.000Z,6.734,5.98,0.2,202604062200
2026-04-06T23:00:00.000Z,5.869,5.437,0.2,202604062300
2026-04-07T00:00:00.000Z,4.303,4.316,0.2,202604070000
2026-04-07T01:00:00.000Z,2.697,3.089,0.2,202604070100
2026-04-07T02:00:00.000Z,1.47,1.981,0.2,202604070200
2026-04-07T03:00:00.000Z,0.808,1.176,0.2,202604070300
2026-04-07T04:00:00.000Z,0.666,0.722,0.2,202604070400
2026-04-07T05:00:00.000Z,1.334,0.973,0.2,202604070500
2026-04-07T06:00:00.000Z,3.128,2.358,0.2,202604070600
2026-04-07T07:00:00.000Z,5.176,4.206,0.2,202604070700
2026-04-07T08:00:00.000Z,6.393,5.521,0.2,202604070800
2026-04-07T09:00:00.000Z,6.967,6.343,0.2,202604070900
2026-04-07T10:00:00.000Z,7.167,6.767,0.2,202604071000
2026-04-07T11:00:00.000Z,6.561,6.362,0.2,202604071100
2026-04-07T12:00:00.000Z,5.198,5.249,0.2,202604071200
2026-04-07T13:00:00.000Z,3.571,3.976,0.1,202604071300
2026-04-07T14:00:00.000Z,2.216,2.78,0.1,202604071400
2026-04-07T15:00:00.000Z,1.178,1.779,0.1,202604071500
2026-04-07T16:00:00.000Z,0.486,0.992,0.1,202604071600
2026-04-07T17:00:00.000Z,0.342,0.564,0.1,202604071700
2026-04-07T18:00:00.000Z,1.321,1.093,0.1,202604071800
2026-04-07T19:00:00.000Z,3.186,2.538,0.1,202604071900
2026-04-07T20:00:00.000Z,4.774,3.911,0.1,202604072000
2026-04-07T21:00:00.000Z,5.65,4.858,0,202604072100
2026-04-07T22:00:00.000Z,6.347,5.622,0,202604072200
2026-04-07T23:00:00.000Z,5.857,5.81,0,202604072300
2026-04-08T00:00:00.000Z,5.142,5.095,0,202604080000
